Workbook
Name SlicerCache_Table_1_Col_3: #N/A
Name SlicerCache_Table_1_Col_5: #N/A
Name SlicerCache_Table_1_Col_6: #N/A
Name SlicerCache_Table_1_Col_7: #N/A

Sheet Master Kode BMN
A1: MASTER KODE BMN (Tabel Referensi untuk VLOOKUP)
A3: Kode BMN | B3: Uraian Barang | C3: Satuan | D3: Masa Manfaat (Th)
A4: 3.05.01.04.001 | B4: Lemari Besi | C4: Unit | D4: 5
A5: 3.05.01.04.003 | B5: Lemari Kayu | C5: Unit | D5: 4
A6: 3.05.02.01.001 | B6: Meja Kerja Kayu | C6: Buah | D6: 5
A7: 3.05.02.01.004 | B7: Kursi Kerja | C7: Buah | D7: 5
A8: 3.05.02.03.002 | B8: AC Split | C8: Unit | D8: 5
A9: 3.05.02.04.001 | B9: Televisi | C9: Unit | D9: 5
A10: 3.05.02.06.008 | B10: Personal Komputer (PC Unit) | C10: Unit | D10: 4
A11: 3.05.02.06.010 | B11: Printer | C11: Unit | D11: 4
A12: 3.05.02.06.012 | B12: Laptop | C12: Unit | D12: 4
A13: 3.06.01.01.002 | B13: Kendaraan Bermotor Roda Dua | C13: Unit | D13: 7
A16: TABEL KONDISI BARANG (Tabel Referensi untuk HLOOKUP)
A17: Kode Kondisi | B17: B | C17: RR | D17: RB
A18: Keterangan | B18: Baik | C18: Rusak Ringan | D18: Rusak Berat

Sheet Dataset
A1: DATASET
A2: Tahun Acuan Perhitungan Umur Aset | D2: 2026
A4: No | B4: ID Aset (Mentah) | C4: Kode BMN | D4: NUP | E4: Nama Barang | F4: Tahun Perolehan | G4: Kondisi | H4: Ket. Kondisi | I4: Harga Perolehan (Rp) | J4: Umur Aset (Th) | K4: Status Usia | L4: Kode Ringkas Aset | M4: ID Aset Bersih | N4: Kode Satker | O4: Tahun dari ID | P4: NUP dari ID
A5: 1 | B5: 3201-2016-00001 | C5: 3.05.01.04.001 | D5: 1 | E5: =IFERROR(VLOOKUP(C5,'Master Kode BMN'!$A$4:$C$13,2,FALSE())," ") -> Lemari Besi | F5: 2016 | G5: B | H5: =IFERROR(HLOOKUP(G5,'Master Kode BMN'!$B$17:$D$18,2,FALSE())," ") -> Baik | I5: 3500000 | J5: =$D$2-F5 -> 10 | K5: =IF(J5<=2,$L$33,IF(J5<=5,$L$34,IF(J5<=10,$L$35,IF(J5>10,$L$36)))) -> Lama | L5: =CONCATENATE(C5," - ", E5," - ","No.",RIGHT(M5,3)) -> 3.05.01.04.001 - Lemari Besi - No.001 | M5: =TRIM(B5) -> 3201-2016-00001 | N5: =LEFT(M5,4) -> 3201 | O5: =MID(M5,6,4) -> 2016 | P5: =RIGHT(M5,5) -> 00001
A6: 2 | B6: 3201-2017- 00002 | C6: 3.05.01.04.003 | D6: 2 | E6: =IFERROR(VLOOKUP(C6,'Master Kode BMN'!$A$4:$C$13,2,FALSE())," ") -> Lemari Kayu | F6: 2017 | G6: B | H6: =IFERROR(HLOOKUP(G6,'Master Kode BMN'!$B$17:$D$18,2,FALSE())," ") -> Baik | I6: 2765000 | J6: =$D$2-F6 -> 9 | K6: =IF(J6<=2,$L$33,IF(J6<=5,$L$34,IF(J6<=10,$L$35,IF(J6>10,$L$36)))) -> Lama | L6: =CONCATENATE(C6," - ", E6," - ","No.",RIGHT(M6,3)) -> 3.05.01.04.003 - Lemari Kayu - No.002 | M6: =TRIM(B6) -> 3201-2017- 00002 | N6: =LEFT(M6,4) -> 3201 | O6: =MID(M6,6,4) -> 2017 | P6: =RIGHT(M6,5) -> 00002
A7: 3 | B7: 3201-2018-00003 | C7: 3.05.02.01.001 | D7: 3 | E7: =IFERROR(VLOOKUP(C7,'Master Kode BMN'!$A$4:$C$13,2,FALSE())," ") -> Meja Kerja Kayu | F7: 2018 | G7: RR | H7: =IFERROR(HLOOKUP(G7,'Master Kode BMN'!$B$17:$D$18,2,FALSE())," ") -> Rusak Ringan | I7: 1830000 | J7: =$D$2-F7 -> 8 | K7: =IF(J7<=2,$L$33,IF(J7<=5,$L$34,IF(J7<=10,$L$35,IF(J7>10,$L$36)))) -> Lama | L7: =CONCATENATE(C7," - ", E7," - ","No.",RIGHT(M7,3)) -> 3.05.02.01.001 - Meja Kerja Kayu - No.003 | M7: =TRIM(B7) -> 3201-2018-00003 | N7: =LEFT(M7,4) -> 3201 | O7: =MID(M7,6,4) -> 2018 | P7: =RIGHT(M7,5) -> 00003
A8: 4 | B8: 3201-2018-00004 | C8: 3.05.02.01.004 | D8: 4 | E8: =IFERROR(VLOOKUP(C8,'Master Kode BMN'!$A$4:$C$13,2,FALSE())," ") -> Kursi Kerja | F8: 2018 | G8: B | H8: =IFERROR(HLOOKUP(G8,'Master Kode BMN'!$B$17:$D$18,2,FALSE())," ") -> Baik | I8: 995000 | J8: =$D$2-F8 -> 8 | K8: =IF(J8<=2,$L$33,IF(J8<=5,$L$34,IF(J8<=10,$L$35,IF(J8>10,$L$36)))) -> Lama | L8: =CONCATENATE(C8," - ", E8," - ","No.",RIGHT(M8,3)) -> 3.05.02.01.004 - Kursi Kerja - No.004 | M8: =TRIM(B8) -> 3201-2018-00004 | N8: =LEFT(M8,4) -> 3201 | O8: =MID(M8,6,4) -> 2018 | P8: =RIGHT(M8,5) -> 00004
A9: 5 | B9: 3201-2019-00005 | C9: 3.05.02.03.002 | D9: 5 | E9: =IFERROR(VLOOKUP(C9,'Master Kode BMN'!$A$4:$C$13,2,FALSE())," ") -> AC Split | F9: 2019 | G9: RB | H9: =IFERROR(HLOOKUP(G9,'Master Kode BMN'!$B$17:$D$18,2,FALSE())," ") -> Rusak Berat | I9: 4260000 | J9: =$D$2-F9 -> 7 | K9: =IF(J9<=2,$L$33,IF(J9<=5,$L$34,IF(J9<=10,$L$35,IF(J9>10,$L$36)))) -> Lama | L9: =CONCATENATE(C9," - ", E9," - ","No.",RIGHT(M9,3)) -> 3.05.02.03.002 - AC Split - No.005 | M9: =TRIM(B9) -> 3201-2019-00005 | N9: =LEFT(M9,4) -> 3201 | O9: =MID(M9,6,4) -> 2019 | P9: =RIGHT(M9,5) -> 00005
A10: 6 | B10: 3201-2019-00006 | C10: 3.05.02.04.001 | D10: 6 | E10: =IFERROR(VLOOKUP(C10,'Master Kode BMN'!$A$4:$C$13,2,FALSE())," ") -> Televisi | F10: 2019 | G10: B | H10: =IFERROR(HLOOKUP(G10,'Master Kode BMN'!$B$17:$D$18,2,FALSE())," ") -> Baik | I10: 3175000 | J10: =$D$2-F10 -> 7 | K10: =IF(J10<=2,$L$33,IF(J10<=5,$L$34,IF(J10<=10,$L$35,IF(J10>10,$L$36)))) -> Lama | L10: =CONCATENATE(C10," - ", E10," - ","No.",RIGHT(M10,3)) -> 3.05.02.04.001 - Televisi - No.006 | M10: =TRIM(B10) -> 3201-2019-00006 | N10: =LEFT(M10,4) -> 3201 | O10: =MID(M10,6,4) -> 2019 | P10: =RIGHT(M10,5) -> 00006
A11: 7 | B11: 3201-2020- 00007 | C11: 3.05.02.06.008 | D11: 7 | E11: =IFERROR(VLOOKUP(C11,'Master Kode BMN'!$A$4:$C$13,2,FALSE())," ") -> Personal Komputer (PC Unit) | F11: 2020 | G11: RR | H11: =IFERROR(HLOOKUP(G11,'Master Kode BMN'!$B$17:$D$18,2,FALSE())," ") -> Rusak Ringan | I11: 8590000 | J11: =$D$2-F11 -> 6 | K11: =IF(J11<=2,$L$33,IF(J11<=5,$L$34,IF(J11<=10,$L$35,IF(J11>10,$L$36)))) -> Lama | L11: =CONCATENATE(C11," - ", E11," - ","No.",RIGHT(M11,3)) -> 3.05.02.06.008 - Personal Komputer (PC Unit) - No.007 | M11: =TRIM(B11) -> 3201-2020- 00007 | N11: =LEFT(M11,4) -> 3201 | O11: =MID(M11,6,4) -> 2020 | P11: =RIGHT(M11,5) -> 00007
A12: 8 | B12: 3201-2020-00008 | C12: 3.05.02.06.010 | D12: 8 | E12: =IFERROR(VLOOKUP(C12,'Master Kode BMN'!$A$4:$C$13,2,FALSE())," ") -> Printer | F12: 2020 | G12: B | H12: =IFERROR(HLOOKUP(G12,'Master Kode BMN'!$B$17:$D$18,2,FALSE())," ") -> Baik | I12: 2405000 | J12: =$D$2-F12 -> 6 | K12: =IF(J12<=2,$L$33,IF(J12<=5,$L$34,IF(J12<=10,$L$35,IF(J12>10,$L$36)))) -> Lama | L12: =CONCATENATE(C12," - ", E12," - ","No.",RIGHT(M12,3)) -> 3.05.02.06.010 - Printer - No.008 | M12: =TRIM(B12) -> 3201-2020-00008 | N12: =LEFT(M12,4) -> 3201 | O12: =MID(M12,6,4) -> 2020 | P12: =RIGHT(M12,5) -> 00008
A13: 9 | B13: 3201-2020-00009 | C13: 3.05.02.06.012 | D13: 9 | E13: =IFERROR(VLOOKUP(C13,'Master Kode BMN'!$A$4:$C$13,2,FALSE())," ") -> Laptop | F13: 2020 | G13: B | H13: =IFERROR(HLOOKUP(G13,'Master Kode BMN'!$B$17:$D$18,2,FALSE())," ") -> Baik | I13: 12120000 | J13: =$D$2-F13 -> 6 | K13: =IF(J13<=2,$L$33,IF(J13<=5,$L$34,IF(J13<=10,$L$35,IF(J13>10,$L$36)))) -> Lama | L13: =CONCATENATE(C13," - ", E13," - ","No.",RIGHT(M13,3)) -> 3.05.02.06.012 - Laptop - No.009 | M13: =TRIM(B13) -> 3201-2020-00009 | N13: =LEFT(M13,4) -> 3201 | O13: =MID(M13,6,4) -> 2020 | P13: =RIGHT(M13,5) -> 00009
A14: 10 | B14: 3201-2021-00010 | C14: 3.06.01.01.002 | D14: 10 | E14: =IFERROR(VLOOKUP(C14,'Master Kode BMN'!$A$4:$C$13,2,FALSE())," ") -> Kendaraan Bermotor Roda Dua | F14: 2021 | G14: RB | H14: =IFERROR(HLOOKUP(G14,'Master Kode BMN'!$B$17:$D$18,2,FALSE())," ") -> Rusak Berat | I14: 18635000 | J14: =$D$2-F14 -> 5 | K14: =IF(J14<=2,$L$33,IF(J14<=5,$L$34,IF(J14<=10,$L$35,IF(J14>10,$L$36)))) -> Sedang Pakai | L14: =CONCATENATE(C14," - ", E14," - ","No.",RIGHT(M14,3)) -> 3.06.01.01.002 - Kendaraan Bermotor Roda Dua - No.010 | M14: =TRIM(B14) -> 3201-2021-00010 | N14: =LEFT(M14,4) -> 3201 | O14: =MID(M14,6,4) -> 2021 | P14: =RIGHT(M14,5) -> 00010
A15: 11 | B15: 3201-2021- 00011 | C15: 3.05.01.04.001 | D15: 11 | E15: =IFERROR(VLOOKUP(C15,'Master Kode BMN'!$A$4:$C$13,2,FALSE())," ") -> Lemari Besi | F15: 2021 | G15: B | H15: =IFERROR(HLOOKUP(G15,'Master Kode BMN'!$B$17:$D$18,2,FALSE())," ") -> Baik | I15: 3650000 | J15: =$D$2-F15 -> 5 | K15: =IF(J15<=2,$L$33,IF(J15<=5,$L$34,IF(J15<=10,$L$35,IF(J15>10,$L$36)))) -> Sedang Pakai | L15: =CONCATENATE(C15," - ", E15," - ","No.",RIGHT(M15,3)) -> 3.05.01.04.001 - Lemari Besi - No.011 | M15: =TRIM(B15) -> 3201-2021- 00011 | N15: =LEFT(M15,4) -> 3201 | O15: =MID(M15,6,4) -> 2021 | P15: =RIGHT(M15,5) -> 00011
A16: 12 | B16: 3201-2021-00012 | C16: 3.05.01.04.003 | D16: 12 | E16: =IFERROR(VLOOKUP(C16,'Master Kode BMN'!$A$4:$C$13,2,FALSE())," ") -> Lemari Kayu | F16: 2021 | G16: RR | H16: =IFERROR(HLOOKUP(G16,'Master Kode BMN'!$B$17:$D$18,2,FALSE())," ") -> Rusak Ringan | I16: 2915000 | J16: =$D$2-F16 -> 5 | K16: =IF(J16<=2,$L$33,IF(J16<=5,$L$34,IF(J16<=10,$L$35,IF(J16>10,$L$36)))) -> Sedang Pakai | L16: =CONCATENATE(C16," - ", E16," - ","No.",RIGHT(M16,3)) -> 3.05.01.04.003 - Lemari Kayu - No.012 | M16: =TRIM(B16) -> 3201-2021-00012 | N16: =LEFT(M16,4) -> 3201 | O16: =MID(M16,6,4) -> 2021 | P16: =RIGHT(M16,5) -> 00012
... A29: 25 | B29: 3201-2025-00025 | C29: 3.05.02.03.002 | D29: 25 | E29: =IFERROR(VLOOKUP(C29,'Master Kode BMN'!$A$4:$C$13,2,FALSE())," ") -> AC Split | F29: 2025 | G29: B | H29: =IFERROR(HLOOKUP(G29,'Master Kode BMN'!$B$17:$D$18,2,FALSE())," ") -> Baik | I29: 4560000 | J29: =$D$2-F29 -> 1 | K29: =IF(J29<=2,$L$33,IF(J29<=5,$L$34,IF(J29<=10,$L$35,IF(J29>10,$L$36)))) -> Baru | L29: =CONCATENATE(C29," - ", E29," - ","No.",RIGHT(M29,3)) -> 3.05.02.03.002 - AC Split - No.025 | M29: =TRIM(B29) -> 3201-2025-00025 | N29: =LEFT(M29,4) -> 3201 | O29: =MID(M29,6,4) -> 2025 | P29: =RIGHT(M29,5) -> 00025
A32: REKAP KONDISI ASET (Isi dengan COUNTIFS & SUMIFS) | K32: Umur Aset | L32: Kondisi
A33: Kondisi | B33: Jumlah Unit | C33: Total Nilai (Rp) | K33: 2 | L33: Baru
A34: B | B34: =COUNTIF($G5:G$29,A34) -> 16 | C34: =SUMIF($G$5:$G$29,A34,$I$5:$I$29) -> 68790000 | K34: 3-5 | L34: Sedang Pakai
A35: RR | B35: =COUNTIF($G6:G$29,A35) -> 5 | C35: =SUMIF($G$5:$G$29,A35,$I$5:$I$29) -> 18020000 | K35: 6-10 | L35: Lama
A36: RB | B36: =COUNTIF($G7:G$29,A36) -> 4 | C36: =SUMIF($G$5:$G$29,A36,$I$5:$I$29) -> 46090000 | K36: > 10 | L36: Sangat Lama - Usulan Penghapusan
A37: Total | B37: =SUM(B34:B36) -> 25 | C37: =SUM(C34:C36) -> 132900000
A40: ANALISIS MULTI-KRITERIA (Isi dengan SUMIFS/COUNTIFS 2 kriteria)
A41: Jumlah aset kondisi Rusak Berat (RB) yang diperoleh sebelum tahun 2020: | D41: =COUNTIFS($G$5:$G$29,$A$36,$F$5:$F$29,"<2020") -> 1
A42: Total nilai aset kondisi Baik (B) yang diperoleh tahun 2024 (Rp): | D42: =SUMIFS($I$5:$I$29,$G$5:$G$29,$A$34,$F$5:$F$29,"2024") -> 6865000
A44: Sum of Harga Perolehan (Rp) | B44: Kondisi
A45: Nama Barang | B45: B | C45: RB | D45: RR | E45: Total Result
A46: AC Split | B46: 4560000 | C46: 8670000 | E46: 13230000
A47: Kendaraan Bermotor Roda Dua | C47: 37420000 | E47: 37420000
A48: Kursi Kerja | B48: 3435000 | E48: 3435000
A49: Laptop | B49: 24390000 | E49: 24390000
A50: Lemari Besi | B50: 10950000 | E50: 10950000
A51: Lemari Kayu | B51: 5830000 | D51: 2915000 | E51: 8745000
A52: Meja Kerja Kayu | B52: 1980000 | D52: 3960000 | E52: 5940000
A53: Personal Komputer (PC Unit) | B53: 8740000 | D53: 8590000 | E53: 17330000
A54: Printer | B54: 2405000 | D54: 2555000 | E54: 4960000
A55: Televisi | B55: 6500000 | E55: 6500000
A56: Total Result | B56: 68790000 | C56: 46090000 | D56: 18020000 | E56: 132900000

Sheet Penyusutan
A1: PENYUSUTAN ASET (METODE GARIS LURUS / SLN)
A2: Tahun Acuan Perhitungan Umur Aset | E2: 2026
A4: No | B4: Kode BMN | C4: Nama Barang | D4: NUP | E4: Tahun Perolehan | F4: Harga Perolehan (Rp) | G4: Umur Aset (Th) | H4: Masa Manfaat (Th) | I4: Penyusutan per Tahun (Rp) | J4: Akumulasi Penyusutan (Rp) | K4: Nilai Buku (Rp)
A5: 1 | B5: 3.05.01.04.001 | C5: {=INDEX(Dataset!$E$5:$E$29,MATCH(Dataset!C5,Dataset!$C$5:$C$29,0))} -> Lemari Besi | D5: 1 | E5: 2016 | F5: 3500000 | G5: =$E$2-E5 -> 10 | H5: {=INDEX('Master Kode BMN'!$D$4:$D$13,MATCH(C5,'Master Kode BMN'!$B$4:$B$13,0))} -> 5 | I5: =SLN(F5,0,H5) -> 700000 | J5: =MIN(I5*G5,F5) -> 3500000 | K5: =F5-J5 -> 0
A6: 2 | B6: 3.05.01.04.003 | C6: {=INDEX(Dataset!$E$5:$E$29,MATCH(Dataset!C6,Dataset!$C$5:$C$29,0))} -> Lemari Kayu | D6: 2 | E6: 2017 | F6: 2765000 | G6: =$E$2-E6 -> 9 | H6: {=INDEX('Master Kode BMN'!$D$4:$D$13,MATCH(C6,'Master Kode BMN'!$B$4:$B$13,0))} -> 4 | I6: =SLN(F6,0,H6) -> 691250 | J6: =MIN(I6*G6,F6) -> 2765000 | K6: =F6-J6 -> 0
A7: 3 | B7: 3.05.02.01.001 | C7: {=INDEX(Dataset!$E$5:$E$29,MATCH(Dataset!C7,Dataset!$C$5:$C$29,0))} -> Meja Kerja Kayu | D7: 3 | E7: 2018 | F7: 1830000 | G7: =$E$2-E7 -> 8 | H7: {=INDEX('Master Kode BMN'!$D$4:$D$13,MATCH(C7,'Master Kode BMN'!$B$4:$B$13,0))} -> 5 | I7: =SLN(F7,0,H7) -> 366000 | J7: =MIN(I7*G7,F7) -> 1830000 | K7: =F7-J7 -> 0
A8: 4 | B8: 3.05.02.01.004 | C8: {=INDEX(Dataset!$E$5:$E$29,MATCH(Dataset!C8,Dataset!$C$5:$C$29,0))} -> Kursi Kerja | D8: 4 | E8: 2018 | F8: 995000 | G8: =$E$2-E8 -> 8 | H8: {=INDEX('Master Kode BMN'!$D$4:$D$13,MATCH(C8,'Master Kode BMN'!$B$4:$B$13,0))} -> 5 | I8: =SLN(F8,0,H8) -> 199000 | J8: =MIN(I8*G8,F8) -> 995000 | K8: =F8-J8 -> 0
A9: 5 | B9: 3.05.02.03.002 | C9: {=INDEX(Dataset!$E$5:$E$29,MATCH(Dataset!C9,Dataset!$C$5:$C$29,0))} -> AC Split | D9: 5 | E9: 2019 | F9: 4260000 | G9: =$E$2-E9 -> 7 | H9: {=INDEX('Master Kode BMN'!$D$4:$D$13,MATCH(C9,'Master Kode BMN'!$B$4:$B$13,0))} -> 5 | I9: =SLN(F9,0,H9) -> 852000 | J9: =MIN(I9*G9,F9) -> 4260000 | K9: =F9-J9 -> 0
A10: 6 | B10: 3.05.02.04.001 | C10: {=INDEX(Dataset!$E$5:$E$29,MATCH(Dataset!C10,Dataset!$C$5:$C$29,0))} -> Televisi | D10: 6 | E10: 2019 | F10: 3175000 | G10: =$E$2-E10 -> 7 | H10: {=INDEX('Master Kode BMN'!$D$4:$D$13,MATCH(C10,'Master Kode BMN'!$B$4:$B$13,0))} -> 5 | I10: =SLN(F10,0,H10) -> 635000 | J10: =MIN(I10*G10,F10) -> 3175000 | K10: =F10-J10 -> 0
A11: 7 | B11: 3.05.02.06.008 | C11: {=INDEX(Dataset!$E$5:$E$29,MATCH(Dataset!C11,Dataset!$C$5:$C$29,0))} -> Personal Komputer (PC Unit) | D11: 7 | E11: 2020 | F11: 8590000 | G11: =$E$2-E11 -> 6 | H11: {=INDEX('Master Kode BMN'!$D$4:$D$13,MATCH(C11,'Master Kode BMN'!$B$4:$B$13,0))} -> 4 | I11: =SLN(F11,0,H11) -> 2147500 | J11: =MIN(I11*G11,F11) -> 8590000 | K11: =F11-J11 -> 0
A12: 8 | B12: 3.05.02.06.010 | C12: {=INDEX(Dataset!$E$5:$E$29,MATCH(Dataset!C12,Dataset!$C$5:$C$29,0))} -> Printer | D12: 8 | E12: 2020 | F12: 2405000 | G12: =$E$2-E12 -> 6 | H12: {=INDEX('Master Kode BMN'!$D$4:$D$13,MATCH(C12,'Master Kode BMN'!$B$4:$B$13,0))} -> 4 | I12: =SLN(F12,0,H12) -> 601250 | J12: =MIN(I12*G12,F12) -> 2405000 | K12: =F12-J12 -> 0
A13: 9 | B13: 3.05.02.06.012 | C13: {=INDEX(Dataset!$E$5:$E$29,MATCH(Dataset!C13,Dataset!$C$5:$C$29,0))} -> Laptop | D13: 9 | E13: 2020 | F13: 12120000 | G13: =$E$2-E13 -> 6 | H13: {=INDEX('Master Kode BMN'!$D$4:$D$13,MATCH(C13,'Master Kode BMN'!$B$4:$B$13,0))} -> 4 | I13: =SLN(F13,0,H13) -> 3030000 | J13: =MIN(I13*G13,F13) -> 12120000 | K13: =F13-J13 -> 0
A14: 10 | B14: 3.06.01.01.002 | C14: {=INDEX(Dataset!$E$5:$E$29,MATCH(Dataset!C14,Dataset!$C$5:$C$29,0))} -> Kendaraan Bermotor Roda Dua | D14: 10 | E14: 2021 | F14: 18635000 | G14: =$E$2-E14 -> 5 | H14: {=INDEX('Master Kode BMN'!$D$4:$D$13,MATCH(C14,'Master Kode BMN'!$B$4:$B$13,0))} -> 7 | I14: =SLN(F14,0,H14) -> 2662142.9 | J14: =MIN(I14*G14,F14) -> 13310714 | K14: =F14-J14 -> 5324285.7
A15: 11 | B15: 3.05.01.04.001 | C15: {=INDEX(Dataset!$E$5:$E$29,MATCH(Dataset!C15,Dataset!$C$5:$C$29,0))} -> Lemari Besi | D15: 11 | E15: 2021 | F15: 3650000 | G15: =$E$2-E15 -> 5 | H15: {=INDEX('Master Kode BMN'!$D$4:$D$13,MATCH(C15,'Master Kode BMN'!$B$4:$B$13,0))} -> 5 | I15: =SLN(F15,0,H15) -> 730000 | J15: =MIN(I15*G15,F15) -> 3650000 | K15: =F15-J15 -> 0
A16: 12 | B16: 3.05.01.04.003 | C16: {=INDEX(Dataset!$E$5:$E$29,MATCH(Dataset!C16,Dataset!$C$5:$C$29,0))} -> Lemari Kayu | D16: 12 | E16: 2021 | F16: 2915000 | G16: =$E$2-E16 -> 5 | H16: {=INDEX('Master Kode BMN'!$D$4:$D$13,MATCH(C16,'Master Kode BMN'!$B$4:$B$13,0))} -> 4 | I16: =SLN(F16,0,H16) -> 728750 | J16: =MIN(I16*G16,F16) -> 2915000 | K16: =F16-J16 -> 0
... A29: 25 | B29: 3.05.02.03.002 | C29: {=INDEX(Dataset!$E$5:$E$29,MATCH(Dataset!C29,Dataset!$C$5:$C$29,0))} -> AC Split | D29: 25 | E29: 2025 | F29: 4560000 | G29: =$E$2-E29 -> 1 | H29: {=INDEX('Master Kode BMN'!$D$4:$D$13,MATCH(C29,'Master Kode BMN'!$B$4:$B$13,0))} -> 5 | I29: =SLN(F29,0,H29) -> 912000 | J29: =MIN(I29*G29,F29) -> 912000 | K29: =F29-J29 -> 3648000
A32: PANEL PENCARIAN ASET (INDEX & MATCH) — Isi dengan INDEX+MATCH
A33: Nama Barang: | C33: Laptop
A34: Kode BMN | C34: {=INDEX($B$5:$B$29,MATCH(C33,$C$5:$C$29,0))} -> 3.05.02.06.012
A35: NUP | C35: {=INDEX($D$5:$D$29,MATCH(C33,$C$5:$C$29,0))} -> 9
A36: Harga Perolehan | C36: {=INDEX($F$5:$F$29,MATCH(C33,$C$5:$C$29,0))} -> 12120000

Sheet Dashboard BMN
B2: DASHBOARD MONITORING ASET BMN
B3: Sistem Pengelolaan & Penyusutan Barang Milik Negara • Tahun Acuan 2026 • Asisten Pengelola BMN
B5: TOTAL ASET | D5: TOTAL NILAI PEROLEHAN | G5: TOTAL AKUMULASI PENYUSUTAN | J5: TOTAL NILAI BUKU | M5: ASET KONDISI BAIK
B6: =Calc_Dashboard!A18 -> 25 | D6: =Calc_Dashboard!B18 -> 132900000 | G6: =Calc_Dashboard!C18 -> 95655107 | J6: =Calc_Dashboard!D18 -> 37244893 | M6: =Calc_Dashboard!E18 -> 0.64
B7: =Calc_Dashboard!A18 & " Unit Barang Terdata" -> 25 Unit Barang Terdata | D7: Nilai Pembelian Aset BMN | G7: Penyusutan Garis Lurus (SLN) | J7: Sisa Nilai Buku Aset 2026 | M7: =COUNTIFS('Dashboard BMN'!$G$39:$G$63, "Baik", 'Dashboard BMN'!$O$39:$O$63, 1) & " dari " & Calc_Dashboard!A18 & " Unit Siap Pakai" -> 16 dari 25 Unit Siap Pakai
B9: FILTER DATA
B10: NAMA BARANG | D10: TAHUN PEROLEHAN | G10: KONDISI | J10: STATUS USIA
B11: (Semua) | D11: (Semua) | G11: (Semua) | J11: (Semua)
B37: TABEL INVENTARIS & RINCIAN PENYUSUTAN ASET BMN
B38: No | C38: Kode BMN | D38: Nama Barang | E38: NUP | F38: Tahun Perolehan | G38: Kondisi | H38: Status Usia | I38: Harga Perolehan (Rp) | J38: Umur Aset (Th) | K38: Masa Manfaat (Th) | L38: Penyusutan / Th (Rp) | M38: Akumulasi Penyusutan (Rp) | N38: Nilai Buku (Rp) | O38: Baris Aktif
B39: =Dataset!A5 -> 1 | C39: =Dataset!C5 -> 3.05.01.04.001 | D39: =Dataset!E5 -> Lemari Besi | E39: =Dataset!D5 -> 1 | F39: =Dataset!F5 -> 2016 | G39: =Dataset!H5 -> Baik | H39: =Dataset!K5 -> Lama | I39: =Penyusutan!F5 -> 3500000 | J39: =Penyusutan!G5 -> 10 | K39: =Penyusutan!H5 -> 5 | L39: =Penyusutan!I5 -> 700000 | M39: =Penyusutan!J5 -> 3500000 | N39: =Penyusutan!K5 -> 0 | O39: =IF(AND(OR($B$11="(Semua)",D39=$B$11),OR($D$11="(Semua)",F39=$D$11),OR($G$11="(Semua)",G39=$G$11),OR($J$11="(Semua)",H39=$J$11)),1,0) -> 1
B40: =Dataset!A6 -> 2 | C40: =Dataset!C6 -> 3.05.01.04.003 | D40: =Dataset!E6 -> Lemari Kayu | E40: =Dataset!D6 -> 2 | F40: =Dataset!F6 -> 2017 | G40: =Dataset!H6 -> Baik | H40: =Dataset!K6 -> Lama | I40: =Penyusutan!F6 -> 2765000 | J40: =Penyusutan!G6 -> 9 | K40: =Penyusutan!H6 -> 4 | L40: =Penyusutan!I6 -> 691250 | M40: =Penyusutan!J6 -> 2765000 | N40: =Penyusutan!K6 -> 0 | O40: =IF(AND(OR($B$11="(Semua)",D40=$B$11),OR($D$11="(Semua)",F40=$D$11),OR($G$11="(Semua)",G40=$G$11),OR($J$11="(Semua)",H40=$J$11)),1,0) -> 1
B41: =Dataset!A7 -> 3 | C41: =Dataset!C7 -> 3.05.02.01.001 | D41: =Dataset!E7 -> Meja Kerja Kayu | E41: =Dataset!D7 -> 3 | F41: =Dataset!F7 -> 2018 | G41: =Dataset!H7 -> Rusak Ringan | H41: =Dataset!K7 -> Lama | I41: =Penyusutan!F7 -> 1830000 | J41: =Penyusutan!G7 -> 8 | K41: =Penyusutan!H7 -> 5 | L41: =Penyusutan!I7 -> 366000 | M41: =Penyusutan!J7 -> 1830000 | N41: =Penyusutan!K7 -> 0 | O41: =IF(AND(OR($B$11="(Semua)",D41=$B$11),OR($D$11="(Semua)",F41=$D$11),OR($G$11="(Semua)",G41=$G$11),OR($J$11="(Semua)",H41=$J$11)),1,0) -> 1
B42: =Dataset!A8 -> 4 | C42: =Dataset!C8 -> 3.05.02.01.004 | D42: =Dataset!E8 -> Kursi Kerja | E42: =Dataset!D8 -> 4 | F42: =Dataset!F8 -> 2018 | G42: =Dataset!H8 -> Baik | H42: =Dataset!K8 -> Lama | I42: =Penyusutan!F8 -> 995000 | J42: =Penyusutan!G8 -> 8 | K42: =Penyusutan!H8 -> 5 | L42: =Penyusutan!I8 -> 199000 | M42: =Penyusutan!J8 -> 995000 | N42: =Penyusutan!K8 -> 0 | O42: =IF(AND(OR($B$11="(Semua)",D42=$B$11),OR($D$11="(Semua)",F42=$D$11),OR($G$11="(Semua)",G42=$G$11),OR($J$11="(Semua)",H42=$J$11)),1,0) -> 1
B43: =Dataset!A9 -> 5 | C43: =Dataset!C9 -> 3.05.02.03.002 | D43: =Dataset!E9 -> AC Split | E43: =Dataset!D9 -> 5 | F43: =Dataset!F9 -> 2019 | G43: =Dataset!H9 -> Rusak Berat | H43: =Dataset!K9 -> Lama | I43: =Penyusutan!F9 -> 4260000 | J43: =Penyusutan!G9 -> 7 | K43: =Penyusutan!H9 -> 5 | L43: =Penyusutan!I9 -> 852000 | M43: =Penyusutan!J9 -> 4260000 | N43: =Penyusutan!K9 -> 0 | O43: =IF(AND(OR($B$11="(Semua)",D43=$B$11),OR($D$11="(Semua)",F43=$D$11),OR($G$11="(Semua)",G43=$G$11),OR($J$11="(Semua)",H43=$J$11)),1,0) -> 1
B44: =Dataset!A10 -> 6 | C44: =Dataset!C10 -> 3.05.02.04.001 | D44: =Dataset!E10 -> Televisi | E44: =Dataset!D10 -> 6 | F44: =Dataset!F10 -> 2019 | G44: =Dataset!H10 -> Baik | H44: =Dataset!K10 -> Lama | I44: =Penyusutan!F10 -> 3175000 | J44: =Penyusutan!G10 -> 7 | K44: =Penyusutan!H10 -> 5 | L44: =Penyusutan!I10 -> 635000 | M44: =Penyusutan!J10 -> 3175000 | N44: =Penyusutan!K10 -> 0 | O44: =IF(AND(OR($B$11="(Semua)",D44=$B$11),OR($D$11="(Semua)",F44=$D$11),OR($G$11="(Semua)",G44=$G$11),OR($J$11="(Semua)",H44=$J$11)),1,0) -> 1
B45: =Dataset!A11 -> 7 | C45: =Dataset!C11 -> 3.05.02.06.008 | D45: =Dataset!E11 -> Personal Komputer (PC Unit) | E45: =Dataset!D11 -> 7 | F45: =Dataset!F11 -> 2020 | G45: =Dataset!H11 -> Rusak Ringan | H45: =Dataset!K11 -> Lama | I45: =Penyusutan!F11 -> 8590000 | J45: =Penyusutan!G11 -> 6 | K45: =Penyusutan!H11 -> 4 | L45: =Penyusutan!I11 -> 2147500 | M45: =Penyusutan!J11 -> 8590000 | N45: =Penyusutan!K11 -> 0 | O45: =IF(AND(OR($B$11="(Semua)",D45=$B$11),OR($D$11="(Semua)",F45=$D$11),OR($G$11="(Semua)",G45=$G$11),OR($J$11="(Semua)",H45=$J$11)),1,0) -> 1
B46: =Dataset!A12 -> 8 | C46: =Dataset!C12 -> 3.05.02.06.010 | D46: =Dataset!E12 -> Printer | E46: =Dataset!D12 -> 8 | F46: =Dataset!F12 -> 2020 | G46: =Dataset!H12 -> Baik | H46: =Dataset!K12 -> Lama | I46: =Penyusutan!F12 -> 2405000 | J46: =Penyusutan!G12 -> 6 | K46: =Penyusutan!H12 -> 4 | L46: =Penyusutan!I12 -> 601250 | M46: =Penyusutan!J12 -> 2405000 | N46: =Penyusutan!K12 -> 0 | O46: =IF(AND(OR($B$11="(Semua)",D46=$B$11),OR($D$11="(Semua)",F46=$D$11),OR($G$11="(Semua)",G46=$G$11),OR($J$11="(Semua)",H46=$J$11)),1,0) -> 1
B47: =Dataset!A13 -> 9 | C47: =Dataset!C13 -> 3.05.02.06.012 | D47: =Dataset!E13 -> Laptop | E47: =Dataset!D13 -> 9 | F47: =Dataset!F13 -> 2020 | G47: =Dataset!H13 -> Baik | H47: =Dataset!K13 -> Lama | I47: =Penyusutan!F13 -> 12120000 | J47: =Penyusutan!G13 -> 6 | K47: =Penyusutan!H13 -> 4 | L47: =Penyusutan!I13 -> 3030000 | M47: =Penyusutan!J13 -> 12120000 | N47: =Penyusutan!K13 -> 0 | O47: =IF(AND(OR($B$11="(Semua)",D47=$B$11),OR($D$11="(Semua)",F47=$D$11),OR($G$11="(Semua)",G47=$G$11),OR($J$11="(Semua)",H47=$J$11)),1,0) -> 1
B48: =Dataset!A14 -> 10 | C48: =Dataset!C14 -> 3.06.01.01.002 | D48: =Dataset!E14 -> Kendaraan Bermotor Roda Dua | E48: =Dataset!D14 -> 10 | F48: =Dataset!F14 -> 2021 | G48: =Dataset!H14 -> Rusak Berat | H48: =Dataset!K14 -> Sedang Pakai | I48: =Penyusutan!F14 -> 18635000 | J48: =Penyusutan!G14 -> 5 | K48: =Penyusutan!H14 -> 7 | L48: =Penyusutan!I14 -> 2662142.9 | M48: =Penyusutan!J14 -> 13310714 | N48: =Penyusutan!K14 -> 5324285.7 | O48: =IF(AND(OR($B$11="(Semua)",D48=$B$11),OR($D$11="(Semua)",F48=$D$11),OR($G$11="(Semua)",G48=$G$11),OR($J$11="(Semua)",H48=$J$11)),1,0) -> 1
B49: =Dataset!A15 -> 11 | C49: =Dataset!C15 -> 3.05.01.04.001 | D49: =Dataset!E15 -> Lemari Besi | E49: =Dataset!D15 -> 11 | F49: =Dataset!F15 -> 2021 | G49: =Dataset!H15 -> Baik | H49: =Dataset!K15 -> Sedang Pakai | I49: =Penyusutan!F15 -> 3650000 | J49: =Penyusutan!G15 -> 5 | K49: =Penyusutan!H15 -> 5 | L49: =Penyusutan!I15 -> 730000 | M49: =Penyusutan!J15 -> 3650000 | N49: =Penyusutan!K15 -> 0 | O49: =IF(AND(OR($B$11="(Semua)",D49=$B$11),OR($D$11="(Semua)",F49=$D$11),OR($G$11="(Semua)",G49=$G$11),OR($J$11="(Semua)",H49=$J$11)),1,0) -> 1
B50: =Dataset!A16 -> 12 | C50: =Dataset!C16 -> 3.05.01.04.003 | D50: =Dataset!E16 -> Lemari Kayu | E50: =Dataset!D16 -> 12 | F50: =Dataset!F16 -> 2021 | G50: =Dataset!H16 -> Rusak Ringan | H50: =Dataset!K16 -> Sedang Pakai | I50: =Penyusutan!F16 -> 2915000 | J50: =Penyusutan!G16 -> 5 | K50: =Penyusutan!H16 -> 4 | L50: =Penyusutan!I16 -> 728750 | M50: =Penyusutan!J16 -> 2915000 | N50: =Penyusutan!K16 -> 0 | O50: =IF(AND(OR($B$11="(Semua)",D50=$B$11),OR($D$11="(Semua)",F50=$D$11),OR($G$11="(Semua)",G50=$G$11),OR($J$11="(Semua)",H50=$J$11)),1,0) -> 1
... B63: =Dataset!A29 -> 25 | C63: =Dataset!C29 -> 3.05.02.03.002 | D63: =Dataset!E29 -> AC Split | E63: =Dataset!D29 -> 25 | F63: =Dataset!F29 -> 2025 | G63: =Dataset!H29 -> Baik | H63: =Dataset!K29 -> Baru | I63: =Penyusutan!F29 -> 4560000 | J63: =Penyusutan!G29 -> 1 | K63: =Penyusutan!H29 -> 5 | L63: =Penyusutan!I29 -> 912000 | M63: =Penyusutan!J29 -> 912000 | N63: =Penyusutan!K29 -> 3648000 | O63: =IF(AND(OR($B$11="(Semua)",D63=$B$11),OR($D$11="(Semua)",F63=$D$11),OR($G$11="(Semua)",G63=$G$11),OR($J$11="(Semua)",H63=$J$11)),1,0) -> 1
B64: TOTAL KESELURUHAN | I64: =SUBTOTAL(109, I39:I63) -> 132900000 | L64: =SUBTOTAL(109, L39:L63) -> 27212964 | M64: =SUBTOTAL(109, M39:M63) -> 95655107 | N64: =SUBTOTAL(109, N39:N63) -> 37244893

Sheet Calc_Dashboard
A1: RINGKASAN DATA UNTUK DASHBOARD BMN | D1: RINGKASAN PER NAMA BARANG | G1: RINGKASAN TREN TAHUN PEROLEHAN | J1: NILAI BUKU PER BARANG | M1: STATUS USIA ASET
A3: Tabel Kondisi Aset | D3: Tabel Sebaran Unit Barang | G3: Tabel Nilai Perolehan per Tahun | J3: Tabel Nilai Buku per Barang | M3: Tabel Status Usia
A4: Kondisi | B4: Jumlah Unit | D4: Nama Barang | E4: Jumlah Unit | G4: Tahun Perolehan | H4: Nilai Perolehan (Rp) | J4: Nama Barang | K4: Nilai Buku (Rp) | M4: Status Usia | N4: Jumlah Unit | P4: Daftar Dropdown: Nama Barang | Q4: Daftar Dropdown: Tahun Perolehan | R4: Daftar Dropdown: Kondisi | S4: Daftar Dropdown: Status Usia
A5: Baik | B5: =COUNTIFS('Dashboard BMN'!$G$39:$G$63, A5, 'Dashboard BMN'!$O$39:$O$63, 1) -> 16 | D5: AC Split | E5: =COUNTIFS('Dashboard BMN'!$D$39:$D$63, D5, 'Dashboard BMN'!$O$39:$O$63, 1) -> 3 | G5: 2016 | H5: =SUMIFS('Dashboard BMN'!$I$39:$I$63, 'Dashboard BMN'!$F$39:$F$63, G5, 'Dashboard BMN'!$O$39:$O$63, 1) -> 3500000 | J5: AC Split | K5: =SUMIFS('Dashboard BMN'!$N$39:$N$63, 'Dashboard BMN'!$D$39:$D$63, J5, 'Dashboard BMN'!$O$39:$O$63, 1) -> 4530000 | M5: Baru | N5: =COUNTIFS('Dashboard BMN'!$H$39:$H$63, M5, 'Dashboard BMN'!$O$39:$O$63, 1) -> 6 | P5: (Semua) | Q5: (Semua) | R5: (Semua) | S5: (Semua)
A6: Rusak Ringan | B6: =COUNTIFS('Dashboard BMN'!$G$39:$G$63, A6, 'Dashboard BMN'!$O$39:$O$63, 1) -> 5 | D6: Kendaraan Bermotor Roda Dua | E6: =COUNTIFS('Dashboard BMN'!$D$39:$D$63, D6, 'Dashboard BMN'!$O$39:$O$63, 1) -> 2 | G6: 2017 | H6: =SUMIFS('Dashboard BMN'!$I$39:$I$63, 'Dashboard BMN'!$F$39:$F$63, G6, 'Dashboard BMN'!$O$39:$O$63, 1) -> 2765000 | J6: Kendaraan Bermotor Roda Dua | K6: =SUMIFS('Dashboard BMN'!$N$39:$N$63, 'Dashboard BMN'!$D$39:$D$63, J6, 'Dashboard BMN'!$O$39:$O$63, 1) -> 18742143 | M6: Sedang Pakai | N6: =COUNTIFS('Dashboard BMN'!$H$39:$H$63, M6, 'Dashboard BMN'!$O$39:$O$63, 1) -> 10 | P6: =D5 -> AC Split | Q6: =G5 -> 2016 | R6: =A5 -> Baik | S6: =M5 -> Baru
A7: Rusak Berat | B7: =COUNTIFS('Dashboard BMN'!$G$39:$G$63, A7, 'Dashboard BMN'!$O$39:$O$63, 1) -> 4 | D7: Kursi Kerja | E7: =COUNTIFS('Dashboard BMN'!$D$39:$D$63, D7, 'Dashboard BMN'!$O$39:$O$63, 1) -> 3 | G7: 2018 | H7: =SUMIFS('Dashboard BMN'!$I$39:$I$63, 'Dashboard BMN'!$F$39:$F$63, G7, 'Dashboard BMN'!$O$39:$O$63, 1) -> 2825000 | J7: Kursi Kerja | K7: =SUMIFS('Dashboard BMN'!$N$39:$N$63, 'Dashboard BMN'!$D$39:$D$63, J7, 'Dashboard BMN'!$O$39:$O$63, 1) -> 1265000 | M7: Lama | N7: =COUNTIFS('Dashboard BMN'!$H$39:$H$63, M7, 'Dashboard BMN'!$O$39:$O$63, 1) -> 9 | P7: =D6 -> Kendaraan Bermotor Roda Dua | Q7: =G6 -> 2017 | R7: =A6 -> Rusak Ringan | S7: =M6 -> Sedang Pakai
D8: Laptop | E8: =COUNTIFS('Dashboard BMN'!$D$39:$D$63, D8, 'Dashboard BMN'!$O$39:$O$63, 1) -> 2 | G8: 2019 | H8: =SUMIFS('Dashboard BMN'!$I$39:$I$63, 'Dashboard BMN'!$F$39:$F$63, G8, 'Dashboard BMN'!$O$39:$O$63, 1) -> 7435000 | J8: Laptop | K8: =SUMIFS('Dashboard BMN'!$N$39:$N$63, 'Dashboard BMN'!$D$39:$D$63, J8, 'Dashboard BMN'!$O$39:$O$63, 1) -> 3067500 | P8: =D7 -> Kursi Kerja | Q8: =G7 -> 2018 | R8: =A7 -> Rusak Berat | S8: =M7 -> Lama
D9: Lemari Besi | E9: =COUNTIFS('Dashboard BMN'!$D$39:$D$63, D9, 'Dashboard BMN'!$O$39:$O$63, 1) -> 3 | G9: 2020 | H9: =SUMIFS('Dashboard BMN'!$I$39:$I$63, 'Dashboard BMN'!$F$39:$F$63, G9, 'Dashboard BMN'!$O$39:$O$63, 1) -> 23115000 | J9: Lemari Besi | K9: =SUMIFS('Dashboard BMN'!$N$39:$N$63, 'Dashboard BMN'!$D$39:$D$63, J9, 'Dashboard BMN'!$O$39:$O$63, 1) -> 2280000 | P9: =D8 -> Laptop | Q9: =G8 -> 2019
D10: Lemari Kayu | E10: =COUNTIFS('Dashboard BMN'!$D$39:$D$63, D10, 'Dashboard BMN'!$O$39:$O$63, 1) -> 3 | G10: 2021 | H10: =SUMIFS('Dashboard BMN'!$I$39:$I$63, 'Dashboard BMN'!$F$39:$F$63, G10, 'Dashboard BMN'!$O$39:$O$63, 1) -> 25200000 | J10: Lemari Kayu | K10: =SUMIFS('Dashboard BMN'!$N$39:$N$63, 'Dashboard BMN'!$D$39:$D$63, J10, 'Dashboard BMN'!$O$39:$O$63, 1) -> 1532500 | P10: =D9 -> Lemari Besi | Q10: =G9 -> 2020
D11: Meja Kerja Kayu | E11: =COUNTIFS('Dashboard BMN'!$D$39:$D$63, D11, 'Dashboard BMN'!$O$39:$O$63, 1) -> 3 | G11: 2022 | H11: =SUMIFS('Dashboard BMN'!$I$39:$I$63, 'Dashboard BMN'!$F$39:$F$63, G11, 'Dashboard BMN'!$O$39:$O$63, 1) -> 7535000 | J11: Meja Kerja Kayu | K11: =SUMIFS('Dashboard BMN'!$N$39:$N$63, 'Dashboard BMN'!$D$39:$D$63, J11, 'Dashboard BMN'!$O$39:$O$63, 1) -> 1674000 | P11: =D10 -> Lemari Kayu | Q11: =G10 -> 2021
D12: Personal Komputer (PC Unit) | E12: =COUNTIFS('Dashboard BMN'!$D$39:$D$63, D12, 'Dashboard BMN'!$O$39:$O$63, 1) -> 2 | G12: 2023 | H12: =SUMIFS('Dashboard BMN'!$I$39:$I$63, 'Dashboard BMN'!$F$39:$F$63, G12, 'Dashboard BMN'!$O$39:$O$63, 1) -> 26890000 | J12: Personal Komputer (PC Unit) | K12: =SUMIFS('Dashboard BMN'!$N$39:$N$63, 'Dashboard BMN'!$D$39:$D$63, J12, 'Dashboard BMN'!$O$39:$O$63, 1) -> 2185000 | P12: =D11 -> Meja Kerja Kayu | Q12: =G11 -> 2022
D13: Printer | E13: =COUNTIFS('Dashboard BMN'!$D$39:$D$63, D13, 'Dashboard BMN'!$O$39:$O$63, 1) -> 2 | G13: 2024 | H13: =SUMIFS('Dashboard BMN'!$I$39:$I$63, 'Dashboard BMN'!$F$39:$F$63, G13, 'Dashboard BMN'!$O$39:$O$63, 1) -> 27780000 | J13: Printer | K13: =SUMIFS('Dashboard BMN'!$N$39:$N$63, 'Dashboard BMN'!$D$39:$D$63, J13, 'Dashboard BMN'!$O$39:$O$63, 1) -> 638750 | P13: =D12 -> Personal Komputer (PC Unit) | Q13: =G12 -> 2023
D14: Televisi | E14: =COUNTIFS('Dashboard BMN'!$D$39:$D$63, D14, 'Dashboard BMN'!$O$39:$O$63, 1) -> 2 | G14: 2025 | H14: =SUMIFS('Dashboard BMN'!$I$39:$I$63, 'Dashboard BMN'!$F$39:$F$63, G14, 'Dashboard BMN'!$O$39:$O$63, 1) -> 5855000 | J14: Televisi | K14: =SUMIFS('Dashboard BMN'!$N$39:$N$63, 'Dashboard BMN'!$D$39:$D$63, J14, 'Dashboard BMN'!$O$39:$O$63, 1) -> 1330000 | P14: =D13 -> Printer | Q14: =G13 -> 2024
M15: , | N15: ],[ | P15: =D14 -> Televisi | Q15: =G14 -> 2025
A16: METRIK UTAMA (KPI FEED)
A17: Total Aset (Unit) | B17: Total Nilai Perolehan (Rp) | C17: Total Akumulasi Penyusutan (Rp) | D17: Total Nilai Buku (Rp) | E17: Persentase Aset Baik
A18: =SUM('Dashboard BMN'!$O$39:$O$63) -> 25 | B18: =SUMIFS('Dashboard BMN'!$I$39:$I$63, 'Dashboard BMN'!$O$39:$O$63, 1) -> 132900000 | C18: =SUMIFS('Dashboard BMN'!$M$39:$M$63, 'Dashboard BMN'!$O$39:$O$63, 1) -> 95655107 | D18: =SUMIFS('Dashboard BMN'!$N$39:$N$63, 'Dashboard BMN'!$O$39:$O$63, 1) -> 37244893 | E18: =IFERROR(COUNTIFS('Dashboard BMN'!$G$39:$G$63, "Baik", 'Dashboard BMN'!$O$39:$O$63, 1) / A18, 0) -> 0.64
L19: , | M19: ,
L20: , | M20: ,
